Date,Open,High,Low,Close,Volume
28-Apr-20,64.4,64.4,61.61,61.68,"2,951,309"
29-Apr-20,67.07,68,66.27,67.07,"3,793,630"
30-Apr-20,66.24,67.64,66.12,67.43,"2,668,906"
1-May-20,66.43,67.6,65.55,66.03,"2,072,639"
4-May-20,65.41,66.38,64.95,66.34,"1,504,017"
5-May-20,66.9,68.7,66.87,67.56,"1,651,533"
6-May-20,68.08,68.56,67.36,67.36,"1,215,423"
7-May-20,68.3,68.88,67.76,68.63,"1,399,759"
8-May-20,69.16,69.94,68.77,69.42,"1,388,068"
11-May-20,68.91,70.83,68.86,70.16,"1,412,116"
12-May-20,70.36,70.75,68.74,68.79,"1,390,600"
13-May-20,68.85,69.27,66.42,67.47,"1,812,585"
14-May-20,66.75,67.87,66.2,67.81,"1,603,077"
15-May-20,67.5,68.72,66.95,68.66,"1,707,747"
18-May-20,68.09,69.62,67.71,69.2,"1,823,964"
19-May-20,69.35,69.6,68.67,68.67,"1,280,649"
20-May-20,69.48,70.52,69.36,70.34,"1,655,375"
21-May-20,70.4,70.77,69.67,70.14,"1,385,194"
22-May-20,69.84,70.64,69.59,70.52,"1,309,408"
26-May-20,71.86,72.05,70.61,70.85,"2,060,643"
27-May-20,70.86,71.09,69.56,70.89,"1,686,142"
28-May-20,69.84,72.04,69.8,70.84,"1,693,976"
29-May-20,70.85,71.63,70.67,71.45,"1,838,059"
1-Jun-20,70.92,71.9,70.9,71.59,"1,217,140"
2-Jun-20,71.53,71.98,70.94,71.96,"1,278,128"
3-Jun-20,71.92,72.33,71.49,71.82,"1,256,186"
4-Jun-20,71.52,71.95,70.24,70.61,"1,484,272"
5-Jun-20,70.66,72.25,70.3,71.92,"1,735,244"
8-Jun-20,71.12,72.4,71.12,72.33,"1,404,178"
9-Jun-20,72.27,73.4,72.16,72.81,"1,409,249"
10-Jun-20,72.98,73.71,72.81,73.29,"1,525,153"
11-Jun-20,72.12,72.72,70.1,70.19,"1,991,332"
12-Jun-20,71.42,71.85,69.3,70.66,"1,946,367"
15-Jun-20,69.54,71.24,69.4,70.99,"1,506,096"
16-Jun-20,72.26,72.75,71.3,72.14,"1,711,614"
17-Jun-20,72.36,73,71.57,72.56,"1,549,615"
18-Jun-20,72.46,72.57,71.35,71.8,"1,581,916"
19-Jun-20,72.2,72.39,71.07,71.59,"3,157,875"
22-Jun-20,71.45,72.64,71.16,72.59,"1,542,440"
23-Jun-20,72.78,73.8,72.26,73.22,"1,429,764"
24-Jun-20,73.08,73.77,71.49,71.6,"1,756,022"
25-Jun-20,71.5,72.15,71,72.07,"1,230,474"
26-Jun-20,71.57,71.67,67.6,68,"4,267,698"
29-Jun-20,67.91,69.78,67.35,69.75,"1,810,180"
30-Jun-20,69.52,70.93,69.2,70.68,"2,042,381"
1-Jul-20,70.56,72.15,70.49,71.9,"1,775,167"
2-Jul-20,72.35,74.15,72.32,73.24,"1,859,480"
6-Jul-20,74,75.33,73.64,74.79,"1,563,997"
7-Jul-20,74.5,75.84,74.18,74.26,"1,458,172"
8-Jul-20,74.72,75.29,74.28,74.8,"1,249,658"
9-Jul-20,75.32,76.14,74.4,75.55,"1,423,322"
10-Jul-20,75.31,77.19,74.83,77.09,"1,856,704"
13-Jul-20,77.5,78.86,75.26,75.57,"1,846,424"
14-Jul-20,74.52,76.15,74.18,76.03,"1,585,016"
15-Jul-20,76.16,76.77,74.9,75.68,"1,610,684"
16-Jul-20,75,75.93,74.32,75.9,"1,519,345"
17-Jul-20,76.08,76.17,74.92,75.78,"1,457,010"
20-Jul-20,75.76,78.51,75.18,78.29,"1,557,252"
21-Jul-20,79.35,79.35,77.71,77.92,"1,218,645"
22-Jul-20,78.03,78.5,77.31,78.42,"931,985"
23-Jul-20,78.35,78.59,75.37,75.78,"1,627,634"
24-Jul-20,74.95,75.88,74.42,75.59,"1,544,404"
27-Jul-20,75.78,77.05,75.76,76.51,"1,245,980"
28-Jul-20,76.26,76.32,74.88,75.02,"1,702,174"
29-Jul-20,75.32,76.56,75.07,76.1,"1,106,534"
30-Jul-20,74.85,76.89,74.61,76.57,"1,671,396"
31-Jul-20,75.25,75.45,72.7,74.15,"3,429,036"
3-Aug-20,74.33,74.52,73.28,73.72,"2,331,514"
4-Aug-20,73.83,74.28,72.93,73.25,"1,903,489"
5-Aug-20,73.47,74.12,73.17,73.68,"1,979,957"
6-Aug-20,73.59,75.12,73.3,75.01,"1,995,368"
7-Aug-20,75,75.84,74.08,74.72,"1,577,826"
10-Aug-20,74.36,75.2,73.65,74.81,"1,289,530"
11-Aug-20,74.62,75.5,73.9,74.02,"1,454,365"
12-Aug-20,74.28,75.62,74.26,75.33,"1,437,655"
13-Aug-20,75.52,76.86,75.4,75.92,"1,455,208"
14-Aug-20,75.78,76.1,75.14,75.39,"1,355,200"
17-Aug-20,75.73,76.28,75.4,75.9,"1,378,600"
18-Aug-20,76.31,78.12,76.19,77.93,"2,027,086"
19-Aug-20,77.67,78.68,77.2,77.38,"1,660,611"
20-Aug-20,77.17,79.29,76.91,79.09,"1,706,877"
21-Aug-20,78.85,79.89,78.4,79.02,"1,446,453"
24-Aug-20,79.7,80.71,79.03,79.41,"1,410,229"
25-Aug-20,79.1,80.58,79.1,80.41,"2,132,084"
26-Aug-20,80.4,82.96,80.18,82.62,"3,581,072"
27-Aug-20,82.68,82.75,81.29,81.72,"1,861,602"
28-Aug-20,81.67,82.36,81.54,82.22,"1,499,782"
31-Aug-20,82.39,82.4,81.52,81.71,"1,823,406"
1-Sep-20,81.83,83.29,81.61,83.04,"1,826,655"
2-Sep-20,83.69,86.66,83.32,86.41,"2,511,180"
3-Sep-20,85.49,85.49,80.75,82.09,"3,107,763"
4-Sep-20,81.21,82.26,77.38,79.55,"2,608,568"
8-Sep-20,76.68,78.19,76.4,76.62,"2,610,884"
9-Sep-20,77.88,78.45,76.8,77.85,"1,774,704"
10-Sep-20,78.03,79.2,76.29,76.6,"1,618,557"
11-Sep-20,76.8,78.76,74.87,76.04,"1,597,087"
14-Sep-20,76.95,78.2,75.79,75.96,"1,696,589"
15-Sep-20,76.8,77.98,76.59,77.07,"1,331,082"
16-Sep-20,77.78,78.1,75.99,76.05,"1,312,299"
17-Sep-20,74.8,75.41,73.5,74.78,"1,879,751"
18-Sep-20,74.9,75.15,71.86,73,"3,103,882"
21-Sep-20,72,72.42,70.33,71.56,"2,888,827"
22-Sep-20,72.5,73.48,71.73,73.27,"1,583,201"
23-Sep-20,72.94,73.05,70.39,70.76,"1,657,350"
24-Sep-20,70.55,72.19,70.49,71.41,"1,450,216"
25-Sep-20,71.63,72.5,70.67,72.25,"1,323,375"
28-Sep-20,73.71,73.84,72.47,73.23,"2,007,941"
29-Sep-20,73.52,73.83,72.94,73.47,"979,102"
30-Sep-20,73.34,74.49,72.99,73.48,"1,701,608"
1-Oct-20,74.21,74.95,73.96,74.5,"1,779,497"
2-Oct-20,73.1,74.16,72.55,72.92,"1,284,071"
5-Oct-20,73.31,74.41,73.21,74.3,"1,113,257"
6-Oct-20,73.78,74.34,72.43,72.67,"1,245,423"
7-Oct-20,73.21,73.45,71.8,73.01,"1,746,156"
8-Oct-20,73.25,74.5,73.25,74.3,"1,187,831"
9-Oct-20,74.74,75.83,74.47,75.76,"1,435,542"
12-Oct-20,77.15,79.69,76.63,78.46,"2,482,560"
13-Oct-20,79.19,79.5,78.16,78.58,"1,601,043"
14-Oct-20,78.93,79.38,77.53,78.4,"1,930,990"
15-Oct-20,77.36,78.76,77.25,77.96,"1,540,817"
16-Oct-20,78.29,79.06,78.15,78.65,"1,435,137"
19-Oct-20,79.02,79.41,76.4,76.73,"1,607,075"
20-Oct-20,76.35,78.88,76.28,77.8,"2,242,572"
21-Oct-20,78.67,80.94,78.58,79.67,"2,568,345"
22-Oct-20,79.65,81.1,79.25,80.77,"1,434,042"
23-Oct-20,81.3,82.12,81.03,82.05,"1,375,844"
26-Oct-20,81.25,81.91,78.83,79.52,"1,853,254"
27-Oct-20,79.78,80.34,79.14,80.21,"1,229,002"
28-Oct-20,77.99,78.07,75.73,75.83,"1,833,959"
29-Oct-20,76.12,79.69,76.11,78.36,"2,003,064"
30-Oct-20,83.61,84.35,80.22,81.05,"4,330,862"
2-Nov-20,81.41,83.04,80.8,81.3,"2,535,446"
3-Nov-20,81.59,83.09,80.83,82.51,"1,661,653"
4-Nov-20,85.51,88.57,85.3,87.46,"3,570,927"
5-Nov-20,89.05,89.68,87.53,88.17,"2,065,812"
6-Nov-20,87.7,88.62,87.02,88.09,"1,661,225"
9-Nov-20,89.55,90.9,88,88.15,"2,268,270"
10-Nov-20,86.55,88.15,85.87,87.02,"2,636,142"
11-Nov-20,87.5,88.21,87.37,87.64,"1,263,966"
12-Nov-20,87.38,88.41,87.28,87.49,"1,248,754"
13-Nov-20,87.88,89.05,87.23,88.85,"1,500,574"
16-Nov-20,88.59,89.95,88.38,89.07,"1,246,785"
17-Nov-20,88.85,89.25,88.35,88.51,"1,147,114"
18-Nov-20,88.26,88.67,87.31,87.34,"1,173,466"
19-Nov-20,86.92,88.48,86.85,88.2,"1,249,910"
20-Nov-20,88.26,88.7,87.09,87.11,"2,313,655"
23-Nov-20,87.48,87.7,85.89,86.74,"2,161,975"
24-Nov-20,86.53,88.58,86.38,88.44,"1,579,703"
25-Nov-20,88.64,88.93,87.83,88.57,"1,046,122"
27-Nov-20,88.65,90.2,88.62,89.66,"884,916"
30-Nov-20,89.06,89.4,87.75,88.04,"1,823,836"
1-Dec-20,88.72,91.24,88.47,89.91,"1,739,045"
2-Dec-20,89.91,91.78,89.47,91.4,"1,222,032"
3-Dec-20,91.2,92.36,91.13,91.34,"1,227,298"
4-Dec-20,91.23,91.66,90.85,91.4,"1,378,166"
7-Dec-20,90.95,91.62,90.29,90.97,"1,320,946"
8-Dec-20,90.51,91.1,89.81,90.93,"1,096,319"
9-Dec-20,90.6,91.71,88.39,89.21,"1,507,558"
10-Dec-20,88.49,89.07,87.02,88.77,"1,362,848"
11-Dec-20,88.15,89.22,88,89.09,"1,220,651"
14-Dec-20,88.75,89.87,87.86,88,"1,600,173"
15-Dec-20,88.22,88.57,87.5,88.39,"1,482,261"
16-Dec-20,88.64,88.65,87.8,88.15,"1,513,543"
17-Dec-20,88.43,88.59,86.93,87.4,"1,624,744"
18-Dec-20,87.71,87.76,86.01,86.55,"4,016,353"
21-Dec-20,85.68,87.04,84.95,86.97,"1,828,378"
22-Dec-20,86.72,86.87,85.63,86.18,"938,346"
23-Dec-20,86.41,87.4,86.25,86.62,"1,033,917"
24-Dec-20,86.75,87.3,86.46,86.94,"346,753"
28-Dec-20,87.58,89.54,87.32,88.8,"1,393,033"
29-Dec-20,89.39,89.62,87.8,87.94,"1,299,395"
30-Dec-20,88.1,88.25,86.28,86.98,"1,306,130"
31-Dec-20,86.77,87.95,86.77,87.59,"1,012,240"
4-Jan-21,87.88,88.03,85.39,86.41,"1,901,855"
5-Jan-21,86.25,87.38,85.9,87.05,"1,145,347"
6-Jan-21,85.13,87.4,84.95,86.76,"2,602,114"
7-Jan-21,87,89.42,86.85,89.36,"2,265,022"
8-Jan-21,89.4,90.49,88.68,90.36,"2,051,002"
11-Jan-21,89.3,89.72,88.03,88.34,"1,209,735"
12-Jan-21,87.7,88.9,86.27,87.33,"1,357,691"
13-Jan-21,86.93,88.25,86.9,87.72,"1,094,131"
14-Jan-21,87.68,88.75,86.67,87.01,"1,179,477"
15-Jan-21,86.91,87.8,86.08,86.81,"1,342,170"
19-Jan-21,87.61,90.46,87.07,89.54,"1,734,614"
20-Jan-21,91.57,95.19,91.28,94.35,"2,490,258"
21-Jan-21,94.9,96.74,94.36,94.56,"2,063,932"
22-Jan-21,94.78,95.55,94.09,95.05,"1,272,232"
25-Jan-21,96.03,96.48,93.38,94.97,"1,927,320"
26-Jan-21,94.44,96.25,94.21,95.86,"1,313,139"
27-Jan-21,94.13,94.5,90.45,91.54,"2,748,292"
28-Jan-21,92.2,94.94,92.13,93.16,"1,773,138"
29-Jan-21,92.31,92.86,90.51,91.79,"1,612,552"
1-Feb-21,92.68,96.12,92.55,95.07,"1,602,182"
2-Feb-21,96.13,97.79,95.72,96.38,"2,273,723"
3-Feb-21,103.65,105.83,100.92,103.5,"4,118,170"
4-Feb-21,103.44,103.93,102.13,103.12,"1,852,329"
5-Feb-21,103.5,105.13,102.97,104.9,"1,535,135"
8-Feb-21,105.3,106.18,103.6,104.65,"1,242,411"
9-Feb-21,103.93,105.26,103.93,104.18,"889,850"
10-Feb-21,104.71,105.42,103.15,104.77,"1,135,464"
11-Feb-21,104.98,105.1,103.87,104.79,"945,650"
12-Feb-21,104.51,105.44,104.16,105.21,"855,865"
16-Feb-21,105.22,107.63,105.22,106.1,"1,133,838"
17-Feb-21,105,106.68,104.95,106.42,"1,070,941"
18-Feb-21,105.52,106.64,105.19,105.86,"1,121,855"
19-Feb-21,105.96,106.53,104.87,105.06,"1,457,612"
22-Feb-21,103.35,104.57,103.11,103.24,"1,367,533"
23-Feb-21,101.25,104.1,100.1,103.54,"1,667,377"
24-Feb-21,102.09,105.04,101.91,104.76,"1,248,349"
25-Feb-21,103.37,104.74,101.06,101.57,"1,828,432"
26-Feb-21,102.53,103.55,100.8,101.84,"2,083,801"
1-Mar-21,102.83,104.33,102.31,104.08,"1,405,115"
2-Mar-21,103.81,105.22,103.56,103.79,"1,134,595"
3-Mar-21,103.36,104.43,100.5,101.34,"1,484,181"
4-Mar-21,101.17,104.46,101.01,102.45,"2,118,006"
5-Mar-21,103.66,105.91,102.32,105.43,"2,195,218"
8-Mar-21,105.06,106.44,101.08,101.21,"1,647,429"
9-Mar-21,103.5,103.9,102.39,102.64,"1,697,306"
10-Mar-21,103.59,103.75,101.67,102.75,"1,268,592"
11-Mar-21,103.7,106.29,103.62,105.74,"1,239,080"
12-Mar-21,104.25,104.51,102.38,103.1,"1,725,794"
15-Mar-21,103.12,103.35,102.18,103.32,"1,298,325"
16-Mar-21,103.95,106.18,103.5,104.63,"1,491,564"
17-Mar-21,103.8,105.49,102.7,104.55,"1,299,016"
18-Mar-21,103.05,103.78,101.68,101.81,"1,362,430"
19-Mar-21,102.1,102.66,100.88,102.16,"2,314,893"
22-Mar-21,102.09,102.9,101.3,101.93,"1,954,816"
23-Mar-21,102.59,103.62,101.96,102.65,"1,366,997"
24-Mar-21,103.27,103.91,102.08,102.25,"1,154,029"
25-Mar-21,102.24,102.94,100.54,102.22,"1,418,907"
26-Mar-21,101.94,102.55,100.7,101.78,"1,493,800"
29-Mar-21,101.39,102.92,100.78,102.8,"1,229,777"
30-Mar-21,102.88,103.54,102.2,102.78,"1,036,774"
31-Mar-21,102.96,104.67,102.84,103.43,"1,459,930"
1-Apr-21,104.9,107.15,104.84,106.89,"1,698,978"
5-Apr-21,107.65,111.87,107.58,111.28,"2,164,875"
6-Apr-21,111.13,111.88,110.74,111.24,"1,353,036"
7-Apr-21,111.31,112.75,111.27,112.48,"1,289,861"
8-Apr-21,113.9,114.2,112.88,113.27,"1,358,259"
9-Apr-21,112.84,114.45,112.69,114.29,"1,044,365"
12-Apr-21,113.31,113.77,111.92,112.74,"1,565,851"
13-Apr-21,113.07,113.86,112.8,113.36,"1,165,804"
14-Apr-21,113.76,113.9,112.46,112.74,"1,010,967"
15-Apr-21,113.85,115.33,113.3,114.83,"1,373,612"
16-Apr-21,115.15,115.32,114.22,114.89,"1,130,090"
19-Apr-21,114.6,115.92,114.39,115.12,"1,234,445"
20-Apr-21,115.39,115.48,113.59,114.68,"1,088,749"
21-Apr-21,114.26,114.77,112.93,114.66,"1,196,731"
22-Apr-21,114.66,115.19,112.82,113.4,"1,054,808"
23-Apr-21,114.17,116.29,113.91,115.77,"1,435,162"
26-Apr-21,116,117.06,115.69,116.34,"1,041,650"
27-Apr-21,116.8,116.87,115.21,115.36,"1,598,583"
28-Apr-21,120.36,122.62,118.74,119,"2,986,439"
29-Apr-21,120.52,121.83,120.11,121.49,"1,977,677"
30-Apr-21,120.22,121.36,120.11,120.51,"1,957,130"
3-May-21,120.14,120.99,119.23,119.76,"1,689,389"
4-May-21,118.49,118.96,115.59,117.71,"1,756,015"
5-May-21,118.42,119.11,117.57,117.84,"1,090,275"
6-May-21,117.53,119.14,117.12,119.07,"1,030,859"
7-May-21,120,120.82,119.5,119.93,"1,163,892"
10-May-21,118.74,118.9,116.74,117.08,"1,300,271"
11-May-21,114.59,116.1,114.15,115.44,"1,605,548"
12-May-21,113.09,114.27,111.5,111.95,"1,746,664"
13-May-21,113.05,113.83,112.14,113.1,"1,333,508"
14-May-21,114.59,116.06,114.17,115.81,"1,331,248"
17-May-21,115.47,116.17,114.75,116.07,"992,416"
18-May-21,116.85,117.16,115.16,115.17,"865,119"
19-May-21,113.22,115.84,113.18,115.44,"967,544"
20-May-21,116.4,118.02,116.05,117.8,"1,191,593"
21-May-21,118.3,118.45,117.12,117.26,"1,141,632"
24-May-21,118.35,120.92,118.01,120.33,"1,062,189"
25-May-21,121,121.64,120.15,120.45,"941,928"
26-May-21,120.64,122.15,120.63,121.68,"1,092,819"
27-May-21,121.85,122,120.1,120.13,"1,948,113"
28-May-21,121.1,121.41,120.38,120.58,"1,205,382"
1-Jun-21,121.1,121.9,120.24,121.49,"958,289"
2-Jun-21,121.77,122.1,120.21,121.06,"858,105"
3-Jun-21,119.75,120.49,119.14,120.23,"917,291"
4-Jun-21,121.13,122.69,120.89,122.59,"1,297,434"
7-Jun-21,122.57,123.4,122.05,123.3,"1,192,453"
8-Jun-21,124,124.72,123.41,124.14,"1,253,253"
9-Jun-21,124.98,125.25,124.37,124.57,"1,006,337"
10-Jun-21,124.7,126.16,124.7,126.08,"1,561,733"
11-Jun-21,126.25,126.35,124.91,125.7,"1,262,309"
14-Jun-21,125.67,126.41,125.05,126.35,"1,127,522"
15-Jun-21,126.52,126.86,125.65,126.03,"1,109,130"
16-Jun-21,126.25,126.52,124.15,125.7,"1,315,838"
17-Jun-21,125.52,127.2,125.52,126.37,"1,287,791"
18-Jun-21,125.71,126.39,124.6,125.57,"2,665,310"
21-Jun-21,125.74,127.04,125.13,126.46,"1,312,826"
22-Jun-21,126.45,127.27,126.03,127,"1,049,310"
23-Jun-21,126.55,127.8,126.25,126.46,"984,658"
24-Jun-21,127.05,127.54,126.96,127.28,"946,662"
25-Jun-21,126.96,127.51,126.44,127,"1,674,297"
28-Jun-21,127,127.34,125.97,126.82,"1,405,543"
29-Jun-21,126.77,127,125.44,126.02,"1,047,478"
30-Jun-21,125.65,125.8,124.76,125.32,"1,200,478"
1-Jul-21,124.85,126.46,124.85,126.37,"856,230"
2-Jul-21,126.84,128.85,126.77,128.72,"1,058,256"
6-Jul-21,129.45,129.88,128.41,129.77,"1,067,517"
7-Jul-21,130.34,130.64,129.76,130.08,"834,186"
8-Jul-21,128.25,130.03,128.04,129.18,"988,975"
9-Jul-21,128.94,129.85,128.94,129.57,"755,466"
12-Jul-21,129.83,130.77,129.6,130.56,"847,546"
13-Jul-21,130.88,132.04,130.64,130.99,"830,898"
14-Jul-21,131.9,133,131.9,132.08,"895,927"
15-Jul-21,132.5,132.6,130.6,131.27,"829,316"
16-Jul-21,131.64,132.18,130.82,131.85,"743,059"
19-Jul-21,131.16,131.25,128.54,129.25,"1,285,466"
20-Jul-21,130,132,129.19,131.1,"954,156"
21-Jul-21,130.79,132.62,130.6,132.6,"737,082"
22-Jul-21,132.65,133.5,132.4,133.33,"680,407"
23-Jul-21,135.26,138.81,134.7,137.82,"1,318,887"
26-Jul-21,138.25,139.71,137.65,139.64,"1,152,623"
27-Jul-21,140.01,140.01,135.1,136.8,"2,108,153"
28-Jul-21,138.56,139.68,136.35,136.38,"2,734,417"
29-Jul-21,136.38,137.15,136.14,136.54,"964,167"
30-Jul-21,135.51,135.77,134.81,135.22,"1,197,725"
2-Aug-21,135.48,136.02,134.67,135.99,"1,007,002"
3-Aug-21,136,136.34,134.18,136.28,"953,200"
4-Aug-21,136.25,136.54,135.42,136.03,"826,357"
5-Aug-21,136.03,136.95,135.6,136.94,"593,589"
6-Aug-21,136.29,137.08,136.05,137.04,"678,251"
9-Aug-21,136.95,138.32,136.43,138,"618,978"
10-Aug-21,138.08,138.55,137.23,138.1,"801,954"
11-Aug-21,138.28,138.85,137.35,137.69,"760,483"
12-Aug-21,137.71,138.42,136.78,138.39,"732,470"
13-Aug-21,138.36,138.67,138.01,138.41,"629,029"
16-Aug-21,138,138.99,136.17,138.92,"902,542"
17-Aug-21,138.19,138.72,136.79,137.3,"1,063,701"
18-Aug-21,137.12,138.29,136.42,136.57,"746,723"
19-Aug-21,135.47,137.45,135.36,136.91,"914,796"
20-Aug-21,137.08,138.61,136.47,138.44,"778,337"
23-Aug-21,139,142.18,138.75,141.1,"1,054,484"
24-Aug-21,141.54,143.01,141.35,142.4,"756,313"
25-Aug-21,142.88,143.31,142.44,142.95,"642,153"
26-Aug-21,142.62,143.13,142.09,142.12,"746,100"
27-Aug-21,142.11,145.01,142.02,144.55,"1,228,412"
30-Aug-21,144.7,146.49,144.6,145.47,"845,795"
31-Aug-21,145.88,146.11,145,145.46,"1,337,821"
1-Sep-21,145.65,146.82,145.61,145.84,"791,234"
2-Sep-21,145.95,146.32,144.11,144.22,"1,092,790"
3-Sep-21,144.15,145.38,143.51,144.78,"955,524"
7-Sep-21,144.75,145.82,144.54,145.52,"758,630"
8-Sep-21,145.39,145.55,144.2,144.88,"774,583"
9-Sep-21,144.88,145.67,144.43,144.91,"739,928"
10-Sep-21,145.44,146.02,141.74,141.92,"1,644,831"
13-Sep-21,143.2,144.19,142.28,143.47,"1,008,781"
14-Sep-21,144.16,144.73,142.91,143.41,"945,957"
15-Sep-21,143.76,145.58,142.26,145.21,"1,032,671"
16-Sep-21,145.12,145.2,143.42,144.37,"1,014,942"
17-Sep-21,143.8,144.25,141.06,141.46,"3,001,991"
20-Sep-21,139,139.36,137.05,139.02,"1,745,886"
21-Sep-21,140.12,140.81,138.91,139.65,"906,469"
22-Sep-21,140.05,141.58,139.47,140.94,"1,103,390"
23-Sep-21,141.61,142.25,141.1,141.83,"863,805"
24-Sep-21,140.95,142.9,140.85,142.63,"747,467"
27-Sep-21,141.59,142.5,140.5,141.5,"942,204"
28-Sep-21,139.09,139.61,135.7,136.18,"2,109,483"
29-Sep-21,137.11,137.4,134.25,134.52,"1,316,861"
30-Sep-21,134.32,135.59,133,133.27,"1,768,199"
1-Oct-21,133.55,137.07,133.38,136.46,"1,419,365"
4-Oct-21,135.7,135.7,131.17,133.76,"1,576,495"
5-Oct-21,134,137.36,134,136.18,"1,206,337"
6-Oct-21,134.63,137.85,134.49,137.35,"988,216"
7-Oct-21,138.86,140.15,138.56,139.19,"912,523"
8-Oct-21,139.91,140.32,139.43,140.06,"946,421"
11-Oct-21,139.8,140.76,138.81,138.85,"829,238"
12-Oct-21,139.64,139.7,136.25,136.71,"1,126,751"
13-Oct-21,137.75,138.55,136.98,137.9,"819,664"
14-Oct-21,139.95,141.65,139.34,141.41,"1,071,878"
15-Oct-21,142.2,142.2,141.06,141.68,"1,062,668"
18-Oct-21,141.21,143,141.21,142.96,"828,360"
19-Oct-21,143.29,144.11,143.1,143.82,"765,792"
20-Oct-21,144.22,144.25,141.91,142.42,"896,975"
21-Oct-21,142.19,142.85,141.64,142.78,"742,496"
22-Oct-21,140.35,141.56,137.17,138.63,"1,509,132"
25-Oct-21,138.81,139.21,136.75,138.77,"1,054,085"
26-Oct-21,140.61,140.84,139.01,139.67,"1,412,937"
27-Oct-21,139.9,149.12,139.9,146.43,"2,592,546"
28-Oct-21,147.3,147.42,144.76,146.13,"1,620,903"
29-Oct-21,145.52,148.61,145.17,148.27,"1,447,725"
1-Nov-21,148.17,148.4,143.58,143.77,"1,613,605"
2-Nov-21,144.81,146.92,144.64,145.86,"1,057,529"
3-Nov-21,146.28,146.91,145.05,146.79,"894,330"
4-Nov-21,147.2,149.95,146.64,148.68,"1,235,040"
5-Nov-21,149.35,150.57,148.65,149.24,"1,020,407"
8-Nov-21,150,151.03,149.12,149.35,"919,407"
9-Nov-21,149.75,150.38,147.51,149.25,"843,778"
10-Nov-21,148.01,148.7,145.32,146.63,"1,135,416"
11-Nov-21,147.11,148.5,146.69,146.75,"623,155"
12-Nov-21,147.83,149.86,146.45,149.65,"852,383"
15-Nov-21,150,150.48,148.65,149.39,"812,367"
16-Nov-21,149.17,149.83,148.35,149.08,"862,743"
17-Nov-21,149.23,149.63,148.56,149.06,"764,541"
18-Nov-21,149.15,151.61,149,150.71,"1,334,120"
19-Nov-21,151,151.85,149.89,149.95,"989,148"
22-Nov-21,150.14,150.74,147.01,147.08,"1,231,385"
23-Nov-21,147.11,147.69,144.89,146.76,"906,657"
24-Nov-21,146.35,147,145.2,146.72,"823,203"
26-Nov-21,145.02,145.3,142.49,142.81,"849,606"
29-Nov-21,144.3,146.86,144.3,146.11,"1,313,806"
30-Nov-21,145.45,146.63,142.07,142.45,"2,079,526"
1-Dec-21,144.21,146.5,141.5,141.62,"1,427,289"
2-Dec-21,141.82,144.68,140.98,143.78,"1,062,535"
3-Dec-21,144.5,145.21,141.15,142.52,"1,334,374"
6-Dec-21,143.57,144.35,140.65,143.8,"1,109,885"
7-Dec-21,145.95,148.3,145.7,148.04,"1,162,914"
8-Dec-21,148.33,149.16,147.2,148.72,"948,197"
9-Dec-21,148.18,149.6,147.53,148.11,"929,030"
10-Dec-21,149.1,149.4,147.36,148.68,"1,081,923"
13-Dec-21,148.44,148.56,146.36,146.7,"1,205,196"
14-Dec-21,144.77,145.44,142.24,144.97,"1,238,940"
15-Dec-21,144.37,147.52,142.71,147.37,"1,364,048"
16-Dec-21,148.08,148.55,144.09,144.84,"1,369,987"
17-Dec-21,142.71,144.46,141.79,142.8,"2,170,235"
20-Dec-21,140.68,142.61,140.25,142.4,"1,013,176"
21-Dec-21,143.15,144.69,141.74,144.22,"977,597"
22-Dec-21,144.1,147.3,143.96,146.95,"922,024"
23-Dec-21,147.09,148.57,146.95,147.14,"690,934"
27-Dec-21,147.46,148.43,147.25,148.06,"662,966"
28-Dec-21,148.37,148.37,145.94,146.45,"931,792"
29-Dec-21,146.43,147.18,145.5,146.5,"851,236"
30-Dec-21,146.45,147.06,145.76,146,"648,851"
31-Dec-21,145.54,146.37,144.68,144.68,"864,885"
3-Jan-22,144.48,145.55,143.5,145.07,"1,261,225"
4-Jan-22,145.55,146.61,143.82,144.42,"1,146,389"
5-Jan-22,144.18,144.3,137.52,137.65,"2,482,076"
6-Jan-22,137.5,139.69,136.76,137.55,"1,452,452"
7-Jan-22,137.91,138.25,135.79,137,"970,412"
10-Jan-22,135.1,138.64,133.14,138.57,"1,704,784"
11-Jan-22,138.18,140.33,136.81,140.02,"1,175,062"
12-Jan-22,141.55,142.81,141.11,141.65,"1,182,079"
13-Jan-22,141.84,143.19,138.91,139.13,"1,328,254"
14-Jan-22,137.5,141.2,137.5,139.79,"1,191,296"
18-Jan-22,136.6,137.39,135.62,136.29,"1,370,098"
19-Jan-22,136.94,138.4,135.5,135.65,"1,039,764"
20-Jan-22,136.51,137.91,133.14,133.51,"1,096,528"
21-Jan-22,133.01,134.76,130,130.09,"2,095,961"
24-Jan-22,126.03,130.78,124.64,130.37,"2,764,602"
25-Jan-22,128.44,129.34,126.38,126.74,"1,800,430"
26-Jan-22,130.59,132.81,127.15,129.24,"1,981,544"
27-Jan-22,131.36,132.61,128.95,129.12,"1,514,251"
28-Jan-22,130,133.37,128.69,133.29,"1,525,878"
31-Jan-22,134.2,135.84,132.27,135.7,"1,702,778"
1-Feb-22,137.84,138.2,134.57,137.88,"2,560,160"
2-Feb-22,151.86,152.1,145.56,148.04,"4,487,538"
3-Feb-22,145.29,149.12,142.21,142.65,"2,846,507"
4-Feb-22,143.02,144.54,139.82,143.02,"2,461,220"
7-Feb-22,143.71,143.85,138.7,138.94,"2,230,537"
8-Feb-22,138.99,139.84,136.87,139.21,"1,712,752"
9-Feb-22,140.85,142.18,140.38,141.45,"1,431,358"
10-Feb-22,139.5,141.43,138.05,138.6,"1,650,885"
11-Feb-22,138.75,139.28,133.29,134.13,"1,940,440"
14-Feb-22,133.37,136.17,133.3,135.3,"1,339,640"
15-Feb-22,137.47,137.9,135.54,136.43,"1,328,878"
16-Feb-22,136.43,137.95,134.82,137.49,"1,280,483"
17-Feb-22,136.15,136.84,132.2,132.31,"1,548,406"
18-Feb-22,133.04,133.82,130.31,130.47,"1,592,930"
22-Feb-22,129.99,131.9,127.74,129.4,"1,945,329"
23-Feb-22,131.08,131.75,127.5,127.59,"1,321,564"
24-Feb-22,125,133.04,124.76,132.67,"2,158,254"
25-Feb-22,133.53,135.39,131.76,134.52,"1,311,793"
28-Feb-22,133.28,135.64,132.83,134.89,"1,483,784"
1-Mar-22,134.48,136.11,133.38,134.17,"1,231,996"
2-Mar-22,134.61,135.62,133.43,134.75,"1,198,337"
3-Mar-22,135.98,136.71,133.43,134.31,"988,965"
4-Mar-22,133.38,134.2,130.41,132.12,"1,223,612"
7-Mar-22,131.9,131.9,126.41,126.46,"1,958,895"
8-Mar-22,126.25,131.25,125.86,127.28,"1,762,478"
9-Mar-22,131.4,134.2,130.09,133.87,"1,612,872"
10-Mar-22,131.46,133.54,131.4,132.68,"1,213,260"
11-Mar-22,134,134.2,130.3,130.48,"1,329,990"
14-Mar-22,130.57,131.03,126.41,126.74,"1,512,693"
15-Mar-22,127.74,130.52,126.57,129.66,"1,514,630"
16-Mar-22,131,133.77,129.2,133.69,"1,602,910"
17-Mar-22,133.32,134.74,132.72,134.6,"1,199,719"
18-Mar-22,133.88,136.91,132.93,136.8,"2,294,985"
21-Mar-22,136.85,137.58,134.61,136.48,"1,331,623"
22-Mar-22,136.5,141.5,136.5,140.28,"1,488,843"
23-Mar-22,139.14,140.03,138.17,138.5,"1,265,116"
24-Mar-22,139.27,141.4,138.04,141.31,"1,027,236"
25-Mar-22,141.75,141.96,139.7,141.52,"964,454"
28-Mar-22,140.68,141.98,139.83,141.95,"1,188,654"
29-Mar-22,143.16,144.16,142.48,143.25,"1,433,921"
30-Mar-22,142.87,143.48,142.17,142.64,"1,052,319"
31-Mar-22,142.45,142.64,139.62,139.65,"1,475,816"
1-Apr-22,140.01,140.95,138.8,140.7,"1,174,001"
4-Apr-22,140.82,144.04,140.82,143.64,"954,245"
5-Apr-22,143.4,143.59,140.94,141.06,"962,778"
6-Apr-22,139.16,139.85,136.42,137.18,"1,178,730"
7-Apr-22,136.62,137.7,134.86,136.47,"972,427"
8-Apr-22,136.25,136.25,133.75,134.01,"821,724"
11-Apr-22,132.9,132.94,129.62,129.8,"1,209,367"
12-Apr-22,132.42,132.42,127.58,128.37,"1,150,161"
13-Apr-22,128.63,130.66,128.44,130.29,"977,148"
14-Apr-22,130.65,130.71,127.11,127.25,"1,174,168"
18-Apr-22,127.41,128.71,126.58,127.96,"745,860"
19-Apr-22,128.08,130.9,127.45,130.53,"1,135,965"
20-Apr-22,131.28,131.92,127.89,128.25,"1,130,469"
21-Apr-22,129.35,130.31,124.65,124.94,"1,507,877"
22-Apr-22,125,125.45,119.14,119.61,"2,320,515"
25-Apr-22,119.43,123.28,118.77,123.25,"1,726,090"
26-Apr-22,122.75,122.75,119.16,119.51,"2,469,652"
27-Apr-22,114.37,117.5,113.12,115.02,"3,111,906"
28-Apr-22,117.12,120.44,115.14,119.41,"1,839,547"
29-Apr-22,117.58,118.96,114.69,114.97,"1,684,655"
2-May-22,113.91,117.34,113.4,117.16,"1,513,982"
3-May-22,116.77,119.3,116.63,118.13,"1,060,787"
4-May-22,118,123.14,115.74,122.58,"1,661,573"
5-May-22,120.22,121.23,115.18,116.75,"2,154,452"
6-May-22,115.52,117.5,114.14,115.66,"1,765,474"
9-May-22,113.3,115.56,112.55,113.08,"1,726,048"
10-May-22,116.04,116.69,113.38,114.58,"1,557,889"
11-May-22,113.71,116.67,113.65,113.96,"1,825,082"
12-May-22,111.94,114.86,110.11,113.16,"2,073,244"
13-May-22,114.85,118.09,114,116.52,"1,486,878"
16-May-22,115.38,116.61,114.34,114.79,"1,164,119"
17-May-22,117.23,117.23,115.34,116.7,"1,078,804"
18-May-22,115.24,115.7,112.14,112.4,"1,399,138"
19-May-22,111.84,113.59,110.47,110.75,"1,459,587"
20-May-22,112.09,112.55,106.37,109.31,"1,879,301"
23-May-22,110.1,112.01,109.15,111.67,"1,577,911"
24-May-22,106.38,106.4,102.21,105.93,"3,019,319"
25-May-22,105.14,106.54,104.21,105.84,"1,894,967"
26-May-22,106.05,108.96,105.49,108.3,"1,514,374"
27-May-22,109.79,112.87,109.55,112.8,"1,496,221"
31-May-22,113.08,116.43,112.57,114.04,"2,565,096"
1-Jun-22,114.93,117.4,113.55,114.14,"1,431,464"
2-Jun-22,114.19,117.9,113.31,117.75,"1,374,770"
3-Jun-22,115.99,116.36,113.67,114.56,"1,247,604"
6-Jun-22,116.74,119.4,116.53,117.01,"1,189,336"
7-Jun-22,115.65,117.75,115.13,117.23,"1,320,677"
8-Jun-22,116.88,118.65,116.7,117.24,"1,127,213"
9-Jun-22,116.34,118.35,114.87,114.92,"1,157,080"
10-Jun-22,112.78,113.5,110.86,111.43,"1,567,487"
13-Jun-22,107.45,109.22,106.59,106.88,"1,837,810"
14-Jun-22,106.89,108.46,106.35,107.19,"1,274,047"
15-Jun-22,108.9,112.06,108.12,110.39,"1,659,601"
16-Jun-22,108.15,109.29,105.79,106.64,"1,765,662"
17-Jun-22,106.54,109.25,105.63,107.87,"2,175,833"
21-Jun-22,109.7,112.67,109.29,112.02,"1,950,514"
22-Jun-22,111.16,113.77,110.72,112.03,"1,196,086"
23-Jun-22,112.95,113.2,111.03,112.68,"1,235,486"
24-Jun-22,113.6,118.64,113.6,118.54,"1,956,138"
27-Jun-22,118.94,119.25,116,116.62,"1,641,965"
28-Jun-22,116.35,117.86,112.44,112.57,"1,415,811"
29-Jun-22,112.15,113.66,111.55,112.26,"931,393"
30-Jun-22,110.5,111.33,107.31,109.37,"1,902,302"
1-Jul-22,108.34,109.81,107.11,109.08,"1,551,394"
5-Jul-22,107.51,114.05,106.25,113.89,"1,821,469"
6-Jul-22,114.09,116.35,112.25,115.21,"1,442,634"
7-Jul-22,116.01,119.86,115.53,119.31,"1,609,197"
8-Jul-22,117.55,120.44,117.51,120.17,"1,454,110"
11-Jul-22,118.65,118.79,116.23,116.52,"1,341,523"
12-Jul-22,116.84,117.85,114.62,114.85,"1,248,508"
13-Jul-22,112.64,115.16,111.82,112.19,"1,947,943"
14-Jul-22,110.83,111.99,109.33,111.44,"1,618,277"
15-Jul-22,112.96,114,111.82,112.77,"1,716,538"
18-Jul-22,113.44,114.8,109.3,109.91,"33,353,985"
19-Jul-22,111.73,114.81,110.5,114.62,"30,992,331"
20-Jul-22,114.06,116.33,113.26,114.7,"26,780,088"
21-Jul-22,115.09,115.21,111.91,115.04,"27,267,848"
22-Jul-22,111.81,113.18,107.6,108.36,"44,455,304"
25-Jul-22,108.88,110.58,107.01,108.21,"28,289,942"
26-Jul-22,107.43,107.74,104.76,105.44,"36,626,630"
27-Jul-22,109.6,114.4,108.42,113.6,"41,474,618"
28-Jul-22,112.8,114.7,111.85,114.59,"23,303,844"
29-Jul-22,113.4,116.9,113.23,116.64,"31,336,183"
1-Aug-22,115.53,117.12,114.69,115.48,"22,856,202"
2-Aug-22,114.43,117.08,114.26,115.9,"17,911,039"
3-Aug-22,116.34,119.42,116.15,118.78,"25,302,816"
4-Aug-22,118.3,119.5,117.71,118.87,"15,757,698"
5-Aug-22,116.93,118.86,116.71,118.22,"15,615,663"
8-Aug-22,119.12,120.86,117.83,118.14,"17,061,112"
9-Aug-22,117.99,118.2,116.56,117.5,"15,424,257"
10-Aug-22,119.59,121.78,119.36,120.65,"20,497,021"
11-Aug-22,122.08,122.34,119.55,119.82,"16,671,627"
12-Aug-22,121.16,122.65,120.4,122.65,"16,121,087"
15-Aug-22,122.21,123.26,121.57,122.88,"15,524,951"
16-Aug-22,122.32,123.23,121.54,122.51,"15,626,171"
17-Aug-22,120.93,122.15,120.2,120.32,"17,589,157"
18-Aug-22,120.23,121.69,119.55,120.86,"15,652,029"
19-Aug-22,119.87,120,117.67,118.12,"20,186,983"
22-Aug-22,116.1,116.5,114.67,115.07,"19,316,024"
23-Aug-22,114.32,115.93,114.3,114.77,"14,390,691"
24-Aug-22,114.45,115.72,113.78,114.7,"16,051,174"
25-Aug-22,115.15,117.78,115.05,117.7,"14,874,666"
26-Aug-22,115.81,116.6,111.22,111.3,"31,698,668"
29-Aug-22,110.78,111.96,109.81,110.34,"20,386,142"
30-Aug-22,111.03,111.37,108.8,109.91,"20,548,202"
31-Aug-22,111.63,111.77,109.05,109.15,"25,897,978"
1-Sep-22,109.2,111.22,108.19,110.55,"22,784,385"
2-Sep-22,111.34,111.68,108.13,108.68,"20,618,080"
6-Sep-22,108.14,108.88,106.51,107.48,"20,565,050"
7-Sep-22,107.76,110.99,107.62,110.48,"22,987,178"
8-Sep-22,109.18,110.58,108.06,109.42,"21,660,654"
9-Sep-22,110.05,112,110,111.78,"21,745,034"
12-Sep-22,111.99,112.64,110.93,111.87,"19,732,905"
13-Sep-22,108.89,109.37,105,105.31,"33,014,991"
14-Sep-22,105.44,106.1,104.5,105.87,"22,115,805"
15-Sep-22,105.01,106.21,103.31,103.9,"26,494,933"
16-Sep-22,102.97,104.03,101.86,103.63,"64,540,115"
19-Sep-22,102.54,104.02,102.37,103.85,"19,738,603"
20-Sep-22,102.88,103.17,101.12,101.83,"24,001,668"
21-Sep-22,102.24,103.49,99.99,100.01,"26,596,757"
22-Sep-22,99.45,101.68,99.41,100.57,"21,272,675"
23-Sep-22,100.06,100.11,98.01,99.17,"25,656,959"
26-Sep-22,98.61,100.44,98.38,98.81,"22,437,938"
27-Sep-22,99.91,100.46,97.34,98.09,"24,224,988"
28-Sep-22,98.02,101.4,97.8,100.74,"24,616,999"
29-Sep-22,99.3,99.3,96.52,98.09,"21,921,520"
30-Sep-22,97.73,99.49,96.03,96.15,"26,277,832"
3-Oct-22,97.22,99.97,97.02,99.3,"24,840,028"
4-Oct-22,101.04,102.72,101.04,102.41,"22,580,931"
5-Oct-22,100.69,102.74,99.74,102.22,"18,475,515"
6-Oct-22,101.5,103.73,101.5,102.24,"17,156,240"
7-Oct-22,100.65,101.42,99.21,99.57,"24,249,910"
10-Oct-22,99.85,99.99,97.87,98.71,"16,529,897"
11-Oct-22,98.25,100.12,97.25,98.05,"21,617,727"
12-Oct-22,98.27,99.65,97.67,98.3,"17,343,431"
13-Oct-22,95.93,100.53,95.27,99.71,"32,812,220"
14-Oct-22,100.63,101.29,97.03,97.18,"22,624,832"
17-Oct-22,99.52,101.77,99.51,100.78,"23,311,604"
18-Oct-22,103.94,104.22,100.65,101.39,"21,610,541"
19-Oct-22,100.7,101.66,99.64,100.29,"21,573,686"
20-Oct-22,100.82,103,99.97,100.53,"25,125,082"
21-Oct-22,98.46,101.62,98.23,101.48,"28,988,727"
24-Oct-22,102.09,103.1,100.3,102.97,"24,680,831"
25-Oct-22,103.3,105.1,103.02,104.93,"29,910,170"
26-Oct-22,96.76,98.54,94.57,94.82,"71,671,814"
27-Oct-22,94.31,95.17,91.9,92.6,"54,036,485"
28-Oct-22,92.53,96.86,92.32,96.58,"35,696,925"
31-Oct-22,95.78,96.35,94.38,94.66,"29,868,714"
1-Nov-22,95.59,96.17,90.43,90.5,"43,220,599"
2-Nov-22,90.91,91.3,87.01,87.07,"43,553,551"
3-Nov-22,86.35,86.55,83.45,83.49,"48,510,364"
4-Nov-22,85.51,86.73,83.88,86.7,"40,173,284"
7-Nov-22,87.34,88.94,86.96,88.65,"26,899,879"
8-Nov-22,89.16,90.41,87.65,88.91,"30,172,001"
9-Nov-22,88.55,89.49,87.36,87.4,"26,743,883"
10-Nov-22,92.34,94.55,91.65,94.17,"42,371,216"
11-Nov-22,94.71,97.36,94.16,96.73,"30,569,112"
14-Nov-22,95.5,97.18,95.11,96.03,"24,170,076"
15-Nov-22,98.67,100.42,97.02,98.72,"31,830,969"
16-Nov-22,98.02,99.85,97.9,98.99,"24,660,195"
17-Nov-22,97.18,99.48,97.1,98.5,"21,818,732"
18-Nov-22,99.01,99.16,96.74,97.8,"24,969,880"
21-Nov-22,97.56,98.72,95.67,95.83,"18,696,874"
22-Nov-22,96.16,97.55,94.41,97.33,"18,868,850"
23-Nov-22,97.34,99.07,97.34,98.82,"17,568,859"
25-Nov-22,98.47,98.94,97.53,97.6,"8,567,819"
28-Nov-22,97.2,97.83,95.89,96.25,"19,981,974"
29-Nov-22,96,96.39,94.39,95.44,"20,220,007"
30-Nov-22,95.12,101.45,94.67,101.45,"39,888,074"
1-Dec-22,101.4,102.59,100.67,101.28,"21,771,536"
2-Dec-22,99.37,101.15,99.17,100.83,"18,821,527"
5-Dec-22,99.82,101.75,99.36,99.87,"19,955,546"
6-Dec-22,99.67,100.21,96.76,97.31,"20,877,623"
7-Dec-22,96.77,97.31,95.03,95.15,"26,647,877"
8-Dec-22,95.69,95.87,93.8,93.95,"25,593,232"
9-Dec-22,93.9,94.49,93.02,93.07,"21,885,308"
12-Dec-22,93.09,93.87,91.9,93.56,"27,380,948"
13-Dec-22,98.07,99.8,95.38,95.85,"34,788,522"
14-Dec-22,95.54,97.22,93.94,95.31,"26,452,939"
15-Dec-22,93.54,94.03,90.43,91.2,"28,298,756"
16-Dec-22,91.2,91.75,90.01,90.86,"48,485,507"
19-Dec-22,90.88,91.2,88.93,89.15,"23,020,537"
20-Dec-22,88.73,89.78,88.04,89.63,"21,976,846"
21-Dec-22,89.73,90.92,88.91,90.25,"20,336,387"
22-Dec-22,88.93,89.18,86.94,88.26,"23,656,066"
23-Dec-22,87.62,90.1,87.62,89.81,"17,815,010"
27-Dec-22,89.31,89.5,87.54,87.93,"15,470,870"
28-Dec-22,87.5,88.52,86.37,86.46,"17,879,567"
29-Dec-22,87.03,89.37,86.99,88.95,"18,280,660"
30-Dec-22,87.37,88.83,87.03,88.73,"19,190,296"
3-Jan-23,89.83,91.55,89.02,89.7,"20,738,457"
4-Jan-23,91.01,91.24,87.8,88.71,"27,046,483"
5-Jan-23,88.07,88.21,86.56,86.77,"23,136,084"
6-Jan-23,87.36,88.47,85.57,88.16,"26,612,628"
9-Jan-23,89.2,90.83,88.58,88.8,"22,996,681"
10-Jan-23,86.72,89.48,86.7,89.24,"22,855,590"
11-Jan-23,90.06,92.45,89.74,92.26,"25,998,844"
12-Jan-23,92.4,92.62,90.57,91.91,"22,754,216"
13-Jan-23,91.53,92.98,90.93,92.8,"18,630,709"
17-Jan-23,92.78,92.97,90.84,92.16,"22,935,823"
18-Jan-23,92.94,93.59,91.4,91.78,"19,641,622"
19-Jan-23,91.39,94.4,91.38,93.91,"28,707,653"
20-Jan-23,95.95,99.42,95.91,99.28,"53,704,763"
23-Jan-23,99.13,101.4,98.75,101.21,"31,791,782"
24-Jan-23,99.55,101.09,98.7,99.21,"27,391,372"
25-Jan-23,97.2,97.72,95.26,96.73,"31,000,850"
26-Jan-23,98.28,99.21,96.82,99.16,"24,542,060"
27-Jan-23,99.05,101.58,98.97,100.71,"29,020,354"
30-Jan-23,98.75,99.41,97.52,97.95,"24,365,142"
31-Jan-23,97.86,99.91,97.79,99.87,"22,306,778"
1-Feb-23,99.74,102.19,98.42,101.43,"26,392,568"
2-Feb-23,106.79,108.82,106.54,108.8,"46,622,627"
3-Feb-23,103.51,108.02,103.3,105.22,"36,823,421"
6-Feb-23,102.69,104.7,102.21,103.47,"25,573,046"
7-Feb-23,103.63,108.67,103.55,108.04,"33,738,828"
8-Feb-23,102.69,103.58,98.46,100,"73,546,029"
9-Feb-23,100.54,100.61,93.86,95.46,"97,798,573"
10-Feb-23,95.74,97.02,94.53,94.86,"49,325,275"
13-Feb-23,95.01,95.35,94.05,95,"43,116,559"
14-Feb-23,94.66,95.18,92.65,94.95,"42,513,079"
15-Feb-23,94.74,97.34,94.36,97.1,"37,029,885"
16-Feb-23,95.54,97.88,94.97,95.78,"35,642,106"
17-Feb-23,95.07,95.75,93.45,94.59,"31,095,067"
21-Feb-23,93.24,93.41,92,92.05,"28,367,198"
22-Feb-23,91.93,92.36,90.87,91.8,"29,891,135"
23-Feb-23,92.13,92.13,90.01,91.07,"32,423,720"
24-Feb-23,89.63,90.13,88.86,89.35,"31,295,619"
27-Feb-23,90.09,90.45,89.61,90.1,"22,724,262"
28-Feb-23,89.54,91.45,89.52,90.3,"30,546,912"
1-Mar-23,90.16,91.2,89.85,90.51,"26,323,876"
2-Mar-23,89.86,92.48,89.77,92.31,"23,344,562"
3-Mar-23,92.74,94.11,92.66,94.02,"30,242,538"
6-Mar-23,94.36,96.3,94.3,95.58,"28,288,206"
7-Mar-23,95.42,96.09,93.84,94.17,"24,101,536"
8-Mar-23,94.41,96.24,94.41,94.65,"25,395,200"
9-Mar-23,94.49,95.92,92.36,92.66,"24,438,890"
10-Mar-23,92.5,93.18,90.8,91.01,"32,850,092"
13-Mar-23,90.57,93.08,89.94,91.66,"31,508,570"
14-Mar-23,93.07,94.83,92.78,94.25,"32,303,881"
15-Mar-23,93.54,97.25,93.04,96.55,"38,367,334"
16-Mar-23,96.57,101.97,95.87,101.07,"54,588,200"
17-Mar-23,100.84,103.49,100.75,102.46,"76,140,310"
20-Mar-23,101.06,102.58,100.79,101.93,"26,033,916"
21-Mar-23,101.98,105.96,101.86,105.84,"33,122,800"
22-Mar-23,105.14,107.51,104.21,104.22,"32,336,877"
23-Mar-23,105.89,107.1,105.41,106.26,"31,385,817"
24-Mar-23,105.74,106.16,104.74,106.06,"25,245,010"
27-Mar-23,105.32,105.4,102.63,103.06,"25,393,417"
28-Mar-23,103,103,100.28,101.36,"24,913,480"
29-Mar-23,102.72,102.82,101.03,101.9,"26,148,300"
30-Mar-23,101.44,101.61,100.29,101.32,"25,009,829"
31-Mar-23,101.71,104.19,101.44,104,"28,107,953"
3-Apr-23,102.67,104.95,102.38,104.91,"20,719,861"
4-Apr-23,104.84,106.1,104.6,105.12,"20,377,231"
5-Apr-23,106.12,106.54,104.1,104.95,"21,864,200"
6-Apr-23,105.77,109.63,104.82,108.9,"34,684,150"
10-Apr-23,107.39,107.97,105.6,106.95,"19,741,517"
11-Apr-23,106.92,107.22,105.28,106.12,"18,721,278"
12-Apr-23,107.39,107.59,104.97,105.22,"22,761,569"
13-Apr-23,106.47,108.27,106.44,108.19,"21,650,747"
14-Apr-23,107.69,109.58,107.59,109.46,"20,758,686"
17-Apr-23,105.43,106.71,105.32,106.42,"29,043,443"
18-Apr-23,107,107.05,104.78,105.12,"17,641,369"
19-Apr-23,104.22,105.73,103.8,105.02,"16,732,016"
20-Apr-23,104.65,106.89,104.64,105.9,"22,515,331"
21-Apr-23,106.09,106.64,105.49,105.91,"22,379,018"
24-Apr-23,106.05,107.32,105.36,106.78,"21,410,908"
25-Apr-23,106.61,107.44,104.56,104.61,"31,408,119"
26-Apr-23,105.56,107.02,103.27,104.45,"37,068,168"
27-Apr-23,105.23,109.15,104.42,108.37,"38,235,220"
